<?xml version="1.0"?>
<doc>
    <assembly>
        <name>Skybrud.Umbraco.Redirects</name>
    </assembly>
    <members>
        <member name="T:Skybrud.Umbraco.Redirects.Controllers.Api.RedirectsController">
            <summary>
            WebAPI controller for managing redirects.
            </summary>
        </member>
        <member name="P:Skybrud.Umbraco.Redirects.Controllers.Api.RedirectsController.Culture">
            <summary>
            Gets a reference to the culture of the authenticated user.
            </summary>
        </member>
        <member name="M:Skybrud.Umbraco.Redirects.Controllers.Api.RedirectsController.GetDomains">
            <summary>
            Gets a list of all Umbraco domains.
            </summary>
            <returns></returns>
        </member>
        <member name="M:Skybrud.Umbraco.Redirects.Controllers.Api.RedirectsController.GetRootNodes">
            <summary>
            Gets a list of root nodes based on the domains added to Umbraco. A root node will only be included in the
            list once - even if it has been assigned multiple domains.
            </summary>
        </member>
        <member name="M:Skybrud.Umbraco.Redirects.Controllers.Api.RedirectsController.GetRedirects(System.Int32,System.Int32,System.String,System.String,System.Nullable{System.Int32})">
            <summary>
            Gets a paginated list of all redirects.
            </summary>
            <param name="page">The page to be returned.</param>
            <param name="limit">The maximum amount of redirects to be returned per page.</param>
            <param name="type">The type of redirects that should be returned.</param>
            <param name="text">The text that the returned redirects should match.</param>
            <param name="rootNodeId">The root node ID that the returned redirects should match. <c>null</c> means all redirects. <c>0</c> means all global redirects.</param>
            <returns>A list of redirects.</returns>
        </member>
        <member name="M:Skybrud.Umbraco.Redirects.Controllers.Api.RedirectsController.GetRedirectsForContent(System.Int32)">
            <summary>
            Gets a list of all redirects for the content item matching the specified <paramref name="contentId"/>.
            </summary>
            <param name="contentId">The ID of the content item.</param>
            <returns>A list of redirects.</returns>
        </member>
        <member name="M:Skybrud.Umbraco.Redirects.Controllers.Api.RedirectsController.GetRedirectsForMedia(System.Int32)">
            <summary>
            Gets a list of all redirects for the media item matching the specified <paramref name="contentId"/>.
            </summary>
            <param name="contentId">The ID of the media item.</param>
            <returns>A list of redirects.</returns>
        </member>
        <member name="M:Skybrud.Umbraco.Redirects.Controllers.Api.RedirectsController.AddRedirect(System.Int32,System.String,System.String,System.Int32,System.Guid,System.String,System.Boolean,System.Boolean,System.Boolean)">
            <summary>
            Adds a new redirect.
            </summary>
            <param name="rootNodeId">The root node ID. <c>0</c> indicates a global redirect.</param>
            <param name="url">The inbound URL of the redirect.</param>
            <param name="linkMode">The mode/type of the destination link.</param>
            <param name="linkId">The media or content ID of the destination link.</param>
            <param name="linkKey">The media or content key of the destination link.</param>
            <param name="linkUrl">The URL of the destination link.</param>
            <param name="permanent">Indicates whether the redirect should be permanent. Default is <c>true</c>.</param>
            <param name="regex">Indicates wether the inbound URL is a REGEX pattern. <c>false</c> by default.</param>
            <param name="forward">Indicates whether the query string should be forwarded. <c>false</c> by default.</param>
            <returns>The created redirect.</returns>
        </member>
        <member name="M:Skybrud.Umbraco.Redirects.Controllers.Api.RedirectsController.EditRedirect(System.Int32,System.Guid,System.String,System.String,System.Int32,System.Guid,System.String,System.Boolean,System.Boolean,System.Boolean)">
            <summary>
            Edits the redirect with the specified <paramref name="redirectId"/>.
            </summary>
            <param name="rootNodeId">The root node ID. <c>0</c> indicates a global redirect.</param>
            <param name="redirectId">The ID of the redirect.</param>
            <param name="url">The inbound URL of the redirect.</param>
            <param name="linkMode">The mode/type of the destination link.</param>
            <param name="linkId">The media or content ID of the destination link.</param>
            <param name="linkKey">The media or content key of the destination link.</param>
            <param name="linkUrl">The URL of the destination link.</param>
            <param name="permanent">Indicates whether the redirect should be permanent. Default is <c>true</c>.</param>
            <param name="regex">Indicates wether the inbound URL is a REGEX pattern. <c>false</c> by default.</param>
            <param name="forward">Indicates whether the query string should be forwarded. <c>false</c> by default.</param>
            <returns>The updated redirect.</returns>
        </member>
        <member name="M:Skybrud.Umbraco.Redirects.Controllers.Api.RedirectsController.DeleteRedirect(System.Guid)">
            <summary>
            Deletes the redirect with the specified <paramref name="redirectId"/>.
            </summary>
            <param name="redirectId">The ID of the redirect.</param>
        </member>
        <member name="T:Skybrud.Umbraco.Redirects.Domains.DomainUtils">
            <summary>
            Static utility class with helper methods related to domains.
            </summary>
        </member>
        <member name="M:Skybrud.Umbraco.Redirects.Domains.DomainUtils.FindDomainForUri(Umbraco.Core.Services.IDomainService,System.Uri)">
            <summary>
            Finds the domain matching the specified uri using the domain service.
            </summary>
            <param name="domainService"></param>
            <param name="current">The uri, or null.</param>
            <returns>The domain</returns>
        </member>
        <member name="M:Skybrud.Umbraco.Redirects.Domains.DomainUtils.SelectDomain(System.Collections.Generic.IEnumerable{Umbraco.Web.Routing.Domain},System.Uri,System.String,System.String,System.Func{System.Collections.Generic.IReadOnlyCollection{Umbraco.Web.Routing.DomainAndUri},System.Uri,System.String,System.String,Umbraco.Web.Routing.DomainAndUri})">
            <summary>
            Selects the domain that best matches a specified uri and cultures, from a set of domains.
            </summary>
            <param name="domains">The group of domains.</param>
            <param name="uri">An optional uri.</param>
            <param name="culture">An optional culture.</param>
            <param name="defaultCulture">An optional default culture.</param>
            <param name="filter">An optional function to filter the list of domains, if more than one applies.</param>
            <returns>The domain and its normalized uri, that best matches the specified uri and cultures.</returns>
            <remarks>
            TODO: must document and explain this all
            <para>If <paramref name="uri"/> is null, pick the first domain that matches <paramref name="culture"/>,
            else the first that matches <paramref name="defaultCulture"/>, else the first one (ordered by id), else null.</para>
            <para>If <paramref name="uri"/> is not null, look for domains that would be a base uri of the current uri,</para>
            <para>If more than one domain matches, then the <paramref name="filter"/> function is used to pick
            the right one, unless it is <c>null</c>, in which case the method returns <c>null</c>.</para>
            <para>The filter, if any, will be called only with a non-empty argument, and _must_ return something.</para>
            <remarks>Copied from Umbraco core, since it's an internal method there.</remarks>
            <see>
                <cref>https://github.com/umbraco/Umbraco-CMS/blob/193e24afd256b2994a0900c0e9739f3f3466c036/src/Umbraco.Web/Routing/DomainHelper.cs#L98</cref>
            </see>
            </remarks>
        </member>
        <member name="T:Skybrud.Umbraco.Redirects.Events.RedirectPostLookupEventArgs">
            <summary>
            Abstract class representing the arguments of the <see cref="E:Skybrud.Umbraco.Redirects.Models.IRedirectsService.PostLookup"/> event.
            </summary>
        </member>
        <member name="P:Skybrud.Umbraco.Redirects.Events.RedirectPostLookupEventArgs.Uri">
            <summary>
            Gets the inbound URI of the request.
            </summary>
        </member>
        <member name="P:Skybrud.Umbraco.Redirects.Events.RedirectPostLookupEventArgs.RawUrl">
            <summary>
            Gets the raw URL of the request.
            </summary>
        </member>
        <member name="P:Skybrud.Umbraco.Redirects.Events.RedirectPostLookupEventArgs.QueryString">
            <summary>
            Gets a reference to the <see cref="T:System.Collections.Specialized.NameValueCollection"/> representing the query string of the request.
            </summary>
        </member>
        <member name="P:Skybrud.Umbraco.Redirects.Events.RedirectPostLookupEventArgs.Redirect">
            <summary>
            Gets or sets the redirect.
            </summary>
        </member>
        <member name="M:Skybrud.Umbraco.Redirects.Events.RedirectPostLookupEventArgs.#ctor(Skybrud.Umbraco.Redirects.Models.RedirectItem)">
            <summary>
            Initializes a new instance based on the specified redirect.
            </summary>
            <param name="redirect">The redirect indicating where the user should be redirected to.</param>
        </member>
        <member name="T:Skybrud.Umbraco.Redirects.Events.RedirectPostLookupHttpContextEventArgs">
            <summary>
            Class representing the arguments of the <see cref="E:Skybrud.Umbraco.Redirects.Models.IRedirectsService.PostLookup"/> event, based on an <see cref="T:System.Web.HttpContextBase"/>.
            </summary>
        </member>
        <member name="P:Skybrud.Umbraco.Redirects.Events.RedirectPostLookupHttpContextEventArgs.HttpContext">
            <summary>
            Gets a reference to the <see cref="T:System.Web.HttpContextBase"/> of the request.
            </summary>
        </member>
        <member name="P:Skybrud.Umbraco.Redirects.Events.RedirectPostLookupHttpContextEventArgs.Uri">
            <inheritdoc />
        </member>
        <member name="P:Skybrud.Umbraco.Redirects.Events.RedirectPostLookupHttpContextEventArgs.RawUrl">
            <inheritdoc />
        </member>
        <member name="P:Skybrud.Umbraco.Redirects.Events.RedirectPostLookupHttpContextEventArgs.QueryString">
            <inheritdoc />
        </member>
        <member name="M:Skybrud.Umbraco.Redirects.Events.RedirectPostLookupHttpContextEventArgs.#ctor(System.Web.HttpContextBase,Skybrud.Umbraco.Redirects.Models.RedirectItem)">
            <summary>
            Initializes a new instance based on the specified HTTP <paramref name="context"/> and <paramref name="redirect"/>.
            </summary>
            <param name="context">The HTTP context of the request.</param>
            <param name="redirect">The redirect indicating where the user should be redirected to.</param>
        </member>
        <member name="T:Skybrud.Umbraco.Redirects.Events.RedirectPreLookupEventArgs">
            <summary>
            Abstract class representing the arguments of the <see cref="E:Skybrud.Umbraco.Redirects.Models.IRedirectsService.PreLookup"/> event.
            </summary>
        </member>
        <member name="P:Skybrud.Umbraco.Redirects.Events.RedirectPreLookupEventArgs.Uri">
            <summary>
            Gets the inbound URI of the request.
            </summary>
        </member>
        <member name="P:Skybrud.Umbraco.Redirects.Events.RedirectPreLookupEventArgs.RawUrl">
            <summary>
            Gets the raw URL of the request.
            </summary>
        </member>
        <member name="P:Skybrud.Umbraco.Redirects.Events.RedirectPreLookupEventArgs.QueryString">
            <summary>
            Gets a reference to the <see cref="T:System.Collections.Specialized.NameValueCollection"/> representing the query string of the request.
            </summary>
        </member>
        <member name="P:Skybrud.Umbraco.Redirects.Events.RedirectPreLookupEventArgs.Redirect">
            <summary>
            Gets or sets the redirect. If a redirect is set from the pre lookup event, the redirects package will use
            this redirect, and skip any further lookups.
            </summary>
        </member>
        <member name="M:Skybrud.Umbraco.Redirects.Events.RedirectPreLookupEventArgs.#ctor">
            <summary>
            Initializes a new instance with default options.
            </summary>
        </member>
        <member name="M:Skybrud.Umbraco.Redirects.Events.RedirectPreLookupEventArgs.#ctor(Skybrud.Umbraco.Redirects.Models.RedirectItem)">
            <summary>
            Initializes a new instance based on the specified redirect.
            </summary>
            <param name="redirect">The redirect indicating where the user should be redirected to. If specified, further lookups will stop.</param>
        </member>
        <member name="T:Skybrud.Umbraco.Redirects.Events.RedirectPreLookupHttpContextEventArgs">
            <summary>
            Class representing the arguments of the <see cref="E:Skybrud.Umbraco.Redirects.Models.IRedirectsService.PreLookup"/> event, based on an <see cref="T:System.Web.HttpContextBase"/>.
            </summary>
        </member>
        <member name="P:Skybrud.Umbraco.Redirects.Events.RedirectPreLookupHttpContextEventArgs.HttpContext">
            <summary>
            Gets a reference to the <see cref="T:System.Web.HttpContextBase"/> of the request.
            </summary>
        </member>
        <member name="P:Skybrud.Umbraco.Redirects.Events.RedirectPreLookupHttpContextEventArgs.Uri">
            <inheritdoc />
        </member>
        <member name="P:Skybrud.Umbraco.Redirects.Events.RedirectPreLookupHttpContextEventArgs.RawUrl">
            <inheritdoc />
        </member>
        <member name="P:Skybrud.Umbraco.Redirects.Events.RedirectPreLookupHttpContextEventArgs.QueryString">
            <inheritdoc />
        </member>
        <member name="M:Skybrud.Umbraco.Redirects.Events.RedirectPreLookupHttpContextEventArgs.#ctor(System.Web.HttpContextBase)">
            <summary>
            Initializes a new instance based on the specified HTTP <paramref name="context"/>.
            </summary>
            <param name="context">The HTTP context of the request.</param>
        </member>
        <member name="M:Skybrud.Umbraco.Redirects.Events.RedirectPreLookupHttpContextEventArgs.#ctor(System.Web.HttpContextBase,Skybrud.Umbraco.Redirects.Models.RedirectItem)">
            <summary>
            Initializes a new instance based on the specified HTTP <paramref name="context"/> and <paramref name="redirect"/>.
            </summary>
            <param name="context">The HTTP context of the request.</param>
            <param name="redirect">The redirect indicating where the user should be redirected to. If specified, further lookups will stop.</param>
        </member>
        <member name="T:Skybrud.Umbraco.Redirects.Exceptions.RedirectNotFoundException">
            <summary>
            Exception about a redirect that couldn't be found.
            </summary>
        </member>
        <member name="M:Skybrud.Umbraco.Redirects.Exceptions.RedirectNotFoundException.#ctor">
            <summary>
            Initializes a new exception with default message.
            </summary>
        </member>
        <member name="M:Skybrud.Umbraco.Redirects.Exceptions.RedirectNotFoundException.#ctor(System.String)">
            <summary>
            Initializes a new exception with the specified <paramref name="message"/>.
            </summary>
            <param name="message">The error message.</param>
        </member>
        <member name="T:Skybrud.Umbraco.Redirects.Exceptions.RedirectsException">
            <summary>
            Exception representing a generic error thrown by the logic within this package.
            </summary>
        </member>
        <member name="P:Skybrud.Umbraco.Redirects.Exceptions.RedirectsException.StatusCode">
            <summary>
            The status code of the error.
            </summary>
        </member>
        <member name="M:Skybrud.Umbraco.Redirects.Exceptions.RedirectsException.#ctor(System.String)">
            <summary>
            Initializes a new exception with the specified <paramref name="message"/>. <see cref="P:Skybrud.Umbraco.Redirects.Exceptions.RedirectsException.StatusCode"/> will be <see cref="F:System.Net.HttpStatusCode.InternalServerError"/>.
            </summary>
            <param name="message">The error message.</param>
        </member>
        <member name="M:Skybrud.Umbraco.Redirects.Exceptions.RedirectsException.#ctor(System.Net.HttpStatusCode,System.String)">
            <summary>
            Initializes a new exception with the specified <paramref name="statusCode"/> and <paramref name="message"/>.
            </summary>
            <param name="statusCode">The status code.</param>
            <param name="message">The error message.</param>
        </member>
        <member name="M:Skybrud.Umbraco.Redirects.Exceptions.RedirectsException.#ctor(System.String,System.Net.HttpStatusCode)">
            <summary>
            Initializes a new exception with the specified <paramref name="message"/> and <paramref name="statusCode"/>.
            </summary>
            <param name="message">The error message.</param>
            <param name="statusCode">The status code.</param>
        </member>
        <member name="M:Skybrud.Umbraco.Redirects.Extensions.NameValueCollectionExtension.Append(System.Collections.Specialized.NameValueCollection,System.Collections.Specialized.NameValueCollection)">
            <summary>
            Adds the second dictionary to the first. If a key occurs in both dictionaries, the value of the second dictionary is taken.
            </summary>
        </member>
        <member name="M:Skybrud.Umbraco.Redirects.Extensions.NameValueCollectionExtension.Merge(System.Collections.Specialized.NameValueCollection,System.Collections.Specialized.NameValueCollection)">
            <summary>
            Merges two collections. If a key occurs in both collections, the value of the second collection is taken.
            </summary>
        </member>
        <member name="M:Skybrud.Umbraco.Redirects.Extensions.NameValueCollectionExtension.ToQueryString(System.Collections.Specialized.NameValueCollection)">
            <summary>
            Constructs a QueryString (string).
            Consider this method to be the opposite of <see cref="M:System.Web.HttpUtility.ParseQueryString(System.String)"/>
            </summary>
            <param name="nameValueCollection">NameValueCollection</param>
            <returns>String</returns>
        </member>
        <member name="T:Skybrud.Umbraco.Redirects.Extensions.PublishedContentExtensions">
            <summary>
            Static class with extenion methods for working with <see cref="T:Umbraco.Core.Models.PublishedContent.IPublishedContent"/> and redirects.
            </summary>
        </member>
        <member name="M:Skybrud.Umbraco.Redirects.Extensions.PublishedContentExtensions.GetOutboundRedirect(Umbraco.Core.Models.PublishedContent.IPublishedContent)">
             <summary>
             Gets an instance of <see cref="T:Skybrud.Umbraco.Redirects.Models.Outbound.OutboundRedirect"/> representing the outbound redirect from the property
             with alias <c>skyRedirect</c>.
            
             This method will ensure that you'll always get an instance of <see cref="T:Skybrud.Umbraco.Redirects.Models.Outbound.OutboundRedirect"/> even though
             the property may not hold a redirect. You can then use the <see cref="P:Skybrud.Umbraco.Redirects.Models.Outbound.OutboundRedirect.IsValid"/> property
             to check that the redirect is in fact valid.
             </summary>
             <param name="content">The content item holding the property.</param>
             <returns>An instance of <see cref="T:Skybrud.Umbraco.Redirects.Models.Outbound.OutboundRedirect"/>.</returns>
        </member>
        <member name="M:Skybrud.Umbraco.Redirects.Extensions.PublishedContentExtensions.GetOutboundRedirect(Umbraco.Core.Models.PublishedContent.IPublishedContent,System.String)">
             <summary>
             Gets an instance of <see cref="T:Skybrud.Umbraco.Redirects.Models.Outbound.OutboundRedirect"/> representing the outbound redirect from the property
             with specified alias <paramref name="propertyAlias"/>.
            
             This method will ensure that you'll always get an instance of <see cref="T:Skybrud.Umbraco.Redirects.Models.Outbound.OutboundRedirect"/> even though
             the property may not hold a redirect. You can then use the <see cref="P:Skybrud.Umbraco.Redirects.Models.Outbound.OutboundRedirect.IsValid"/> property
             to check that the redirect is in fact valid.
             </summary>
             <param name="content">The content item holding the property.</param>
             <param name="propertyAlias">The alias of the property.</param>
             <returns>An instance of <see cref="T:Skybrud.Umbraco.Redirects.Models.Outbound.OutboundRedirect"/>.</returns>
        </member>
        <member name="M:Skybrud.Umbraco.Redirects.Helpers.RedirectsBackOfficeHelper.GetDashboardAccessRules">
            <summary>
            Returns the access rules for <see cref="T:Skybrud.Umbraco.Redirects.Dashboards.RedirectsDashboard"/>.
            </summary>
            <returns>An array of <see cref="T:Umbraco.Core.Dashboards.IAccessRule"/>.</returns>
        </member>
        <member name="M:Skybrud.Umbraco.Redirects.Helpers.RedirectsBackOfficeHelper.GetCacheBuster">
            <summary>
            Returns a cache buster value based both on Umbraco's own cache buster as well as the current version of
            this package. This ensures a new cache buster value when either the ClientDependency version is bumped or
            the package is updated.
            </summary>
            <returns>The cache buster value.</returns>
        </member>
        <member name="M:Skybrud.Umbraco.Redirects.Helpers.RedirectsBackOfficeHelper.GetInformationVersion">
            <summary>
            Gets the information version of the package.
            </summary>
            <returns>The information version.</returns>
        </member>
        <member name="M:Skybrud.Umbraco.Redirects.Helpers.RedirectsBackOfficeHelper.GetServerVariables">
            <summary>
            Returns a dictonary with server variables for this pacakge, available through <c>Umbraco.Sys.ServerVariables.skybrud.redirects</c> in the backoffice.
            </summary>
            <returns>An instance of <see cref="T:System.Collections.Generic.Dictionary`2"/>.</returns>
        </member>
        <member name="T:Skybrud.Umbraco.Redirects.Models.Database.RedirectItemDto">
            <summary>
            Class representing the database row of a redirect.
            </summary>
        </member>
        <member name="F:Skybrud.Umbraco.Redirects.Models.Database.RedirectItemDto.TableName">
            <summary>
            Gets the name of the table used in the database.
            </summary>
        </member>
        <member name="P:Skybrud.Umbraco.Redirects.Models.Database.RedirectItemDto.Id">
            <summary>
            Gets or sets the numeric ID (primary key) of the redirect.
            </summary>
        </member>
        <member name="P:Skybrud.Umbraco.Redirects.Models.Database.RedirectItemDto.Key">
            <summary>
            Gets or sets the unique ID of the redirect.
            </summary>
        </member>
        <member name="P:Skybrud.Umbraco.Redirects.Models.Database.RedirectItemDto.RootId">
            <summary>
            Gets or sets the root node ID of the redirect.
            </summary>
        </member>
        <member name="P:Skybrud.Umbraco.Redirects.Models.Database.RedirectItemDto.RootKey">
            <summary>
            Gets or sets the root node GUID key of the redirect.
            </summary>
        </member>
        <member name="P:Skybrud.Umbraco.Redirects.Models.Database.RedirectItemDto.Url">
            <summary>
            Gets the inbound URL (path) of the redirect. The value value will not contain the domain or the query
            string.
            </summary>
        </member>
        <member name="P:Skybrud.Umbraco.Redirects.Models.Database.RedirectItemDto.QueryString">
            <summary>
            Gets or sets the inbound query string of the redirect.
            </summary>
        </member>
        <member name="P:Skybrud.Umbraco.Redirects.Models.Database.RedirectItemDto.DestinationType">
            <summary>
            Gets or sets the mode/type of the destination link.
            </summary>
        </member>
        <member name="P:Skybrud.Umbraco.Redirects.Models.Database.RedirectItemDto.DestinationId">
            <summary>
            Gets or sets the content or media ID of the destination link.
            </summary>
        </member>
        <member name="P:Skybrud.Umbraco.Redirects.Models.Database.RedirectItemDto.DestinationKey">
            <summary>
            Gets or sets the content or media GUID key of the destination link.
            </summary>
        </member>
        <member name="P:Skybrud.Umbraco.Redirects.Models.Database.RedirectItemDto.DestinationUrl">
            <summary>
            Gets or sets the URL of the destination link.
            </summary>
        </member>
        <member name="P:Skybrud.Umbraco.Redirects.Models.Database.RedirectItemDto.Created">
            <summary>
            Gets or sets the timestamp for when the redirect was created.
            </summary>
        </member>
        <member name="P:Skybrud.Umbraco.Redirects.Models.Database.RedirectItemDto.Updated">
            <summary>
            Gets or sets the timestamp for when the redirect was last updated.
            </summary>
        </member>
        <member name="P:Skybrud.Umbraco.Redirects.Models.Database.RedirectItemDto.IsPermanent">
            <summary>
            Gets or sets whether the redirect is permanent.
            </summary>
        </member>
        <member name="P:Skybrud.Umbraco.Redirects.Models.Database.RedirectItemDto.IsRegex">
            <summary>
            Gets or sets whether <see cref="P:Skybrud.Umbraco.Redirects.Models.Database.RedirectItemDto.Url"/> is a REGEX pattern.
            </summary>
        </member>
        <member name="P:Skybrud.Umbraco.Redirects.Models.Database.RedirectItemDto.ForwardQueryString">
            <summary>
            Gets or sets whether the query string should be forwarded.
            </summary>
        </member>
        <member name="T:Skybrud.Umbraco.Redirects.Models.Database.RedirectItemSchema">
            <summary>
            Class representing the schema of the redirects database table.
            </summary>
        </member>
        <member name="F:Skybrud.Umbraco.Redirects.Models.Database.RedirectItemSchema.TableName">
            <summary>
            Gets the name of the table used in the database.
            </summary>
        </member>
        <member name="P:Skybrud.Umbraco.Redirects.Models.Database.RedirectItemSchema.Id">
            <summary>
            Gets or sets the numeric ID (primary key) of the redirect.
            </summary>
        </member>
        <member name="P:Skybrud.Umbraco.Redirects.Models.Database.RedirectItemSchema.Key">
            <summary>
            Gets or sets the unique ID of the redirect.
            </summary>
        </member>
        <member name="P:Skybrud.Umbraco.Redirects.Models.Database.RedirectItemSchema.RootId">
            <summary>
            Gets or sets the root node ID of the redirect.
            </summary>
        </member>
        <member name="P:Skybrud.Umbraco.Redirects.Models.Database.RedirectItemSchema.RootKey">
            <summary>
            Gets or sets the root node GUID key of the redirect.
            </summary>
        </member>
        <member name="P:Skybrud.Umbraco.Redirects.Models.Database.RedirectItemSchema.Url">
            <summary>
            Gets the inbound URL (path) of the redirect. The value value will not contain the domain or the query
            string.
            </summary>
        </member>
        <member name="P:Skybrud.Umbraco.Redirects.Models.Database.RedirectItemSchema.QueryString">
            <summary>
            Gets or sets the inbound query string of the redirect.
            </summary>
        </member>
        <member name="P:Skybrud.Umbraco.Redirects.Models.Database.RedirectItemSchema.DestinationType">
            <summary>
            Gets or sets the mode/type of the destination link.
            </summary>
        </member>
        <member name="P:Skybrud.Umbraco.Redirects.Models.Database.RedirectItemSchema.DestinationId">
            <summary>
            Gets or sets the content or media ID of the destination link.
            </summary>
        </member>
        <member name="P:Skybrud.Umbraco.Redirects.Models.Database.RedirectItemSchema.DestinationKey">
            <summary>
            Gets or sets the content or media GUID key of the destination link.
            </summary>
        </member>
        <member name="P:Skybrud.Umbraco.Redirects.Models.Database.RedirectItemSchema.DestinationUrl">
            <summary>
            Gets or sets the URL of the destination link.
            </summary>
        </member>
        <member name="P:Skybrud.Umbraco.Redirects.Models.Database.RedirectItemSchema.Created">
            <summary>
            Gets or sets the timestamp for when the redirect was created.
            </summary>
        </member>
        <member name="P:Skybrud.Umbraco.Redirects.Models.Database.RedirectItemSchema.Updated">
            <summary>
            Gets or sets the timestamp for when the redirect was last updated.
            </summary>
        </member>
        <member name="P:Skybrud.Umbraco.Redirects.Models.Database.RedirectItemSchema.IsPermanent">
            <summary>
            Gets or sets whether the redirect is permanent.
            </summary>
        </member>
        <member name="P:Skybrud.Umbraco.Redirects.Models.Database.RedirectItemSchema.IsRegex">
            <summary>
            Gets or sets whether <see cref="P:Skybrud.Umbraco.Redirects.Models.Database.RedirectItemSchema.Url"/> is a REGEX pattern.
            </summary>
        </member>
        <member name="P:Skybrud.Umbraco.Redirects.Models.Database.RedirectItemSchema.ForwardQueryString">
            <summary>
            Gets or sets whether the query string should be forwarded.
            </summary>
        </member>
        <member name="M:Skybrud.Umbraco.Redirects.Models.IRedirectsService.GetDomains">
            <summary>
            Returns an array of <see cref="T:Skybrud.Umbraco.Redirects.Models.RedirectDomain"/> representing all the domains registered in Umbraco.
            </summary>
            <returns>An array of <see cref="T:Skybrud.Umbraco.Redirects.Models.RedirectDomain"/>.</returns>
        </member>
        <member name="M:Skybrud.Umbraco.Redirects.Models.IRedirectsService.AddRedirect(System.Int32,System.String,Skybrud.Umbraco.Redirects.Models.RedirectDestination)">
            <summary>
            Adds a new permanent redirect matching the specified inbound <paramref name="url"/>. A request to
            <paramref name="url"/> will automatically be redirected to the URL of the specified
            <paramref name="destionation"/> link.
            </summary>
            <param name="rootNodeId">THe ID of the root/side node. Use <c>0</c> for a global redirect.</param>
            <param name="url">The inbound URL to match.</param>
            <param name="destionation">An instance of <see cref="T:Skybrud.Umbraco.Redirects.Models.RedirectDestination"/> representing the destination link.</param>
            <returns>An instance of <see cref="T:Skybrud.Umbraco.Redirects.Models.RedirectItem"/> representing the created redirect.</returns>
        </member>
        <member name="M:Skybrud.Umbraco.Redirects.Models.IRedirectsService.AddRedirect(System.Int32,System.String,Skybrud.Umbraco.Redirects.Models.RedirectDestination,System.Boolean,System.Boolean,System.Boolean)">
            <summary>
            Adds a new redirect matching the specified inbound <paramref name="url"/>. A request to
            <paramref name="url"/> will automatically be redirected to the URL of the specified
            <paramref name="destionation"/> link.
            </summary>
            <param name="rootNodeId">THe ID of the root/side node. Use <c>0</c> for a global redirect.</param>
            <param name="url">The inbound URL to match.</param>
            <param name="destionation">An instance of <see cref="T:Skybrud.Umbraco.Redirects.Models.RedirectDestination"/> representing the destination link.</param>
            <param name="permanent">Whether the redirect should be permanent (301) or temporary (302).</param>
            <param name="isRegex">Whether regex should be enabled for the redirect.</param>
            <param name="forwardQueryString">Whether the redirect should forward the original query string.</param>
            <returns>An instance of <see cref="T:Skybrud.Umbraco.Redirects.Models.RedirectItem"/> representing the created redirect.</returns>
        </member>
        <member name="M:Skybrud.Umbraco.Redirects.Models.IRedirectsService.SaveRedirect(Skybrud.Umbraco.Redirects.Models.RedirectItem)">
            <summary>
            Saves the specified <paramref name="redirect"/>.
            </summary>
            <param name="redirect">The redirected to be saved.</param>
            <returns>The saved <paramref name="redirect"/>.</returns>
        </member>
        <member name="M:Skybrud.Umbraco.Redirects.Models.IRedirectsService.DeleteRedirect(Skybrud.Umbraco.Redirects.Models.RedirectItem)">
            <summary>
            Deletes the specified <paramref name="redirect"/> from the database.
            </summary>
            <param name="redirect">The redirected to be deleted.</param>
        </member>
        <member name="M:Skybrud.Umbraco.Redirects.Models.IRedirectsService.GetRedirectById(System.Int32)">
            <summary>
            Gets the redirect mathing the specified numeric <paramref name="redirectId"/>.
            </summary>
            <param name="redirectId">The numeric ID of the redirect.</param>
            <returns>An instance of <see cref="T:Skybrud.Umbraco.Redirects.Models.RedirectItem"/>, or <c>null</c> if not found.</returns>
        </member>
        <member name="M:Skybrud.Umbraco.Redirects.Models.IRedirectsService.GetRedirectByKey(System.Guid)">
            <summary>
            Gets the redirect mathing the specified GUID <paramref name="key"/>.
            </summary>
            <param name="key">The GUID key of the redirect.</param>
            <returns>An instance of <see cref="T:Skybrud.Umbraco.Redirects.Models.RedirectItem"/>, or <c>null</c> if not found.</returns>
        </member>
        <member name="M:Skybrud.Umbraco.Redirects.Models.IRedirectsService.GetRedirectByUrl(System.Int32,System.String)">
            <summary>
            Gets the redirect mathing the specified <paramref name="url"/>.
            </summary>
            <param name="rootNodeId">THe ID of the root/side node. Use <c>0</c> for a global redirect.</param>
            <param name="url">The URL of the redirect.</param>
            <returns>An instance of <see cref="T:Skybrud.Umbraco.Redirects.Models.RedirectItem"/>, or <c>null</c> if not found.</returns>
        </member>
        <member name="M:Skybrud.Umbraco.Redirects.Models.IRedirectsService.GetRedirectByUrl(System.Int32,System.String,System.String)">
            <summary>
            Gets the redirect mathing the specified <paramref name="url"/> and <paramref name="queryString"/>.
            </summary>
            <param name="rootNodeId">THe ID of the root/side node. Use <c>0</c> for a global redirect.</param>
            <param name="url">The URL of the redirect.</param>
            <param name="queryString">The query string of the redirect.</param>
            <returns>An instance of <see cref="T:Skybrud.Umbraco.Redirects.Models.RedirectItem"/>, or <c>null</c> if not found.</returns>
        </member>
        <member name="M:Skybrud.Umbraco.Redirects.Models.IRedirectsService.GetRedirectsByUrl(System.String)">
            <summary>
            Gets the redirects mathing the specified <paramref name="url"/>.
            </summary>
            <param name="url">The URL of the redirects.</param>
            <returns>An array of <see cref="T:Skybrud.Umbraco.Redirects.Models.RedirectItem"/>.</returns>
        </member>
        <member name="M:Skybrud.Umbraco.Redirects.Models.IRedirectsService.GetRedirectsByUrl(System.String,System.String)">
            <summary>
            Gets the redirects mathing the specified <paramref name="url"/> and <paramref name="queryString"/>.
            </summary>
            <param name="url">The URL of the redirect.</param>
            <param name="queryString">The query string of the redirect.</param>
            <returns>An array of <see cref="T:Skybrud.Umbraco.Redirects.Models.RedirectItem"/>, or <c>null</c> if not found.</returns>
        </member>
        <member name="M:Skybrud.Umbraco.Redirects.Models.IRedirectsService.GetRedirectsByContentId(System.Int32)">
            <summary>
            Gets an array of <see cref="T:Skybrud.Umbraco.Redirects.Models.RedirectItem"/> for the content item with the specified <paramref name="contentId"/>.
            </summary>
            <param name="contentId">The numeric ID of the content item.</param>
            <returns>An array of <see cref="T:Skybrud.Umbraco.Redirects.Models.RedirectItem"/>.</returns>
        </member>
        <member name="M:Skybrud.Umbraco.Redirects.Models.IRedirectsService.GetRedirectsByMediaId(System.Int32)">
            <summary>
            Gets an array of <see cref="T:Skybrud.Umbraco.Redirects.Models.RedirectItem"/> for the media item with the specified <paramref name="mediaId"/>.
            </summary>
            <param name="mediaId">The numeric ID of the media item.</param>
            <returns>An array of <see cref="T:Skybrud.Umbraco.Redirects.Models.RedirectItem"/>.</returns>
        </member>
        <member name="M:Skybrud.Umbraco.Redirects.Models.IRedirectsService.GetRedirects(System.Int32,System.Int32,System.String,System.String,System.Nullable{System.Int32})">
            <summary>
            Gets an instance of <see cref="T:Skybrud.Umbraco.Redirects.Models.RedirectsSearchResult"/> representing a paginated search for redirects.
            </summary>
            <param name="page">The page to be returned (default is <c>1</c>)</param>
            <param name="limit">The maximum amount of redirects to be returned per page (default is <c>20</c>).</param>
            <param name="type">The type of the redirects to be returned. Possible values are <c>url</c>,
                <c>content</c> or <c>media</c>. If not specified, all types of redirects will be returned.
                Default is <c>null</c>.</param>
            <param name="text">A string value that should be present in either the text or URL of the returned
                redirects. Default is <c>null</c>.</param>
            <param name="rootNodeId"></param>
            <returns>An instance of <see cref="T:Skybrud.Umbraco.Redirects.Models.RedirectsSearchResult"/>.</returns>
        </member>
        <member name="T:Skybrud.Umbraco.Redirects.Models.Outbound.OutboundRedirect">
            <summary>
            Model for an outbound redirect.
            </summary>
        </member>
        <member name="P:Skybrud.Umbraco.Redirects.Models.Outbound.OutboundRedirect.IsPermanent">
            <summary>
            Gets whether the redirect is permanent.
            </summary>
        </member>
        <member name="P:Skybrud.Umbraco.Redirects.Models.Outbound.OutboundRedirect.Destination">
            <summary>
            Gets an instance of <see cref="T:Skybrud.Umbraco.Redirects.Models.RedirectDestination"/> representing the destination.
            </summary>
        </member>
        <member name="P:Skybrud.Umbraco.Redirects.Models.Outbound.OutboundRedirect.Url">
            <summary>
            Gets the URL of the redirects.
            </summary>
        </member>
        <member name="P:Skybrud.Umbraco.Redirects.Models.Outbound.OutboundRedirect.HasDestination">
            <summary>
            Same as <see cref="P:Skybrud.Umbraco.Redirects.Models.Outbound.OutboundRedirect.IsValid"/>.
            </summary>
        </member>
        <member name="P:Skybrud.Umbraco.Redirects.Models.Outbound.OutboundRedirect.Link">
            <summary>
            Same as <see cref="P:Skybrud.Umbraco.Redirects.Models.Outbound.OutboundRedirect.Destination"/>.
            </summary>
        </member>
        <member name="P:Skybrud.Umbraco.Redirects.Models.Outbound.OutboundRedirect.HasLink">
            <summary>
            Same as <see cref="P:Skybrud.Umbraco.Redirects.Models.Outbound.OutboundRedirect.IsValid"/>.
            </summary>
        </member>
        <member name="P:Skybrud.Umbraco.Redirects.Models.Outbound.OutboundRedirect.IsValid">
            <summary>
            Gets whether the redirects has a valid link.
            </summary>
        </member>
        <member name="M:Skybrud.Umbraco.Redirects.Models.Outbound.OutboundRedirect.#ctor">
            <summary>
            Initializes a new instance with an empty model.
            </summary>
        </member>
        <member name="M:Skybrud.Umbraco.Redirects.Models.Outbound.OutboundRedirect.#ctor(Newtonsoft.Json.Linq.JObject)">
            <summary>
            Initializes a new instance based on the specified <see cref="T:Newtonsoft.Json.Linq.JObject"/>.
            </summary>
            <param name="obj">An instance of <see cref="T:Newtonsoft.Json.Linq.JObject"/> representing the redirect.</param>
        </member>
        <member name="M:Skybrud.Umbraco.Redirects.Models.Outbound.OutboundRedirect.Parse(Newtonsoft.Json.Linq.JObject)">
            <summary>
            Parses the specified <see cref="T:Newtonsoft.Json.Linq.JObject"/> into an instance of <see cref="T:Skybrud.Umbraco.Redirects.Models.Outbound.OutboundRedirect"/>.
            </summary>
            <param name="obj">An instance of <see cref="T:Newtonsoft.Json.Linq.JObject"/> representing the redirect.</param>
            <returns>An instacne of <see cref="T:Skybrud.Umbraco.Redirects.Models.Outbound.OutboundRedirect"/>, or <c>null</c> if <paramref name="obj"/> is <c>null</c>.</returns>
        </member>
        <member name="M:Skybrud.Umbraco.Redirects.Models.Outbound.OutboundRedirect.Deserialize(System.String)">
            <summary>
            Deseralizes the specified JSON string into an instance of <see cref="T:Skybrud.Umbraco.Redirects.Models.Outbound.OutboundRedirect"/>.
            </summary>
            <param name="json">The raw JSON to be parsed.</param>
        </member>
        <member name="T:Skybrud.Umbraco.Redirects.Models.RedirectDestination">
            <summary>
            Class representing the destination of a redirect.
            </summary>
        </member>
        <member name="P:Skybrud.Umbraco.Redirects.Models.RedirectDestination.Id">
            <summary>
            Gets the ID of the selected content or media. If an URL has been selected, this will return <c>0</c>.
            </summary>
        </member>
        <member name="P:Skybrud.Umbraco.Redirects.Models.RedirectDestination.Key">
            <summary>
            Gets the GUID key of the selected content or media. If an URL has been selected, this will return <c>null</c>.
            </summary>
        </member>
        <member name="P:Skybrud.Umbraco.Redirects.Models.RedirectDestination.Url">
            <summary>
            Gets the URL of the destination. Since the URL of a content or media item may change over time (eg. if
            renamed or moved), this property will attempt to retrieve the current URL from the relevant Umbraco cache.
            
            If <see cref="P:Skybrud.Umbraco.Redirects.Models.RedirectDestination.Type"/> is <see cref="F:Skybrud.Umbraco.Redirects.Models.RedirectDestinationType.Content"/>, the URL of the content item will be
            retrieved through the content cache (if available). In a similar way, if <see cref="P:Skybrud.Umbraco.Redirects.Models.RedirectDestination.Type"/> is
            <see cref="F:Skybrud.Umbraco.Redirects.Models.RedirectDestinationType.Media"/> the URL of the media item will be retrieved through the media cache
            (if available). The original URL as saved in Umbraco can be accessed through the <see cref="P:Skybrud.Umbraco.Redirects.Models.RedirectDestination.RawUrl"/>
            property.
            </summary>
        </member>
        <member name="P:Skybrud.Umbraco.Redirects.Models.RedirectDestination.Type">
            <summary>
            Gets the type of the destination.
            </summary>
        </member>
        <member name="P:Skybrud.Umbraco.Redirects.Models.RedirectDestination.IsValid">
            <summary>
            Gets whether the link is valid.
            </summary>
        </member>
        <member name="P:Skybrud.Umbraco.Redirects.Models.RedirectDestination.RawUrl">
            <summary>
            Gets the raw URL as saved in Umbraco. The URL may be wrong if referencing content or media that has been
            renamed, moved or similar.
            </summary>
        </member>
        <member name="M:Skybrud.Umbraco.Redirects.Models.RedirectDestination.#ctor(System.Int32,System.Guid,System.String,Skybrud.Umbraco.Redirects.Models.RedirectDestinationType)">
            <summary>
            Initializes a new link picker item.
            </summary>
            <param name="id">The ID of the content or media item.</param>
            <param name="key">The GUID ID of the destination.</param>
            <param name="url">The URL of the link.</param>
            <param name="type">The type of the link - either <see cref="F:Skybrud.Umbraco.Redirects.Models.RedirectDestinationType.Content"/>,
            <see cref="F:Skybrud.Umbraco.Redirects.Models.RedirectDestinationType.Media"/> or <see cref="F:Skybrud.Umbraco.Redirects.Models.RedirectDestinationType.Url"/>.</param>
        </member>
        <member name="M:Skybrud.Umbraco.Redirects.Models.RedirectDestination.#ctor(System.Int32,System.Guid,System.String,System.String,Skybrud.Umbraco.Redirects.Models.RedirectDestinationType)">
            <summary>
            Initializes a new link picker item.
            </summary>
            <param name="id">The ID of the content or media item.</param>
            <param name="key">The GUID ID of the destination.</param>
            <param name="url">The URL of the link.</param>
            <param name="rawUrl">The raw URL of the link.</param>
            <param name="mode">The mode of the link - either <see cref="F:Skybrud.Umbraco.Redirects.Models.RedirectDestinationType.Content"/>,
            <see cref="F:Skybrud.Umbraco.Redirects.Models.RedirectDestinationType.Media"/> or <see cref="F:Skybrud.Umbraco.Redirects.Models.RedirectDestinationType.Url"/>.</param>
        </member>
        <member name="M:Skybrud.Umbraco.Redirects.Models.RedirectDestination.GetCalculatedUrl">
            <summary>
            Method for calculating the current destination URL of the redirect if the destination is either a content item or media item.
            </summary>
            <returns>The calculated URL.</returns>
        </member>
        <member name="M:Skybrud.Umbraco.Redirects.Models.RedirectDestination.Parse(Newtonsoft.Json.Linq.JObject)">
            <summary>
            Parses the specified <paramref name="obj"/> into an instance of <see cref="T:Skybrud.Umbraco.Redirects.Models.RedirectDestination"/>.
            </summary>
            <param name="obj">The instance of <see cref="T:Newtonsoft.Json.Linq.JObject"/> to be parsed.</param>
        </member>
        <member name="M:Skybrud.Umbraco.Redirects.Models.RedirectDestination.GetFromContent(Umbraco.Core.Models.PublishedContent.IPublishedContent)">
            <summary>
            Initializes a new link item from the specified <paramref name="content"/> representing a content
            item.
            </summary>
            <param name="content">An instance of <see cref="T:Umbraco.Core.Models.PublishedContent.IPublishedContent"/> representing a content item.</param>
            <returns>The created <see cref="T:Skybrud.Umbraco.Redirects.Models.RedirectDestination"/> instance.</returns>
        </member>
        <member name="M:Skybrud.Umbraco.Redirects.Models.RedirectDestination.GetFromMedia(Umbraco.Core.Models.PublishedContent.IPublishedContent)">
            <summary>
            Initializes a new link item from the specified <paramref name="media"/> representing a media item.
            </summary>
            <param name="media">An instance of <see cref="T:Umbraco.Core.Models.PublishedContent.IPublishedContent"/> representing a media item.</param>
            <returns>The created <see cref="T:Skybrud.Umbraco.Redirects.Models.RedirectDestination"/> instance.</returns>
        </member>
        <member name="M:Skybrud.Umbraco.Redirects.Models.RedirectDestination.GetFromUrl(System.String,System.String)">
            <summary>
            Initializes a new link picker item from the specified <paramref name="url"/> and <paramref name="name"/>.
            </summary>
            <param name="url">The URL of the link.</param>
            <param name="name">The name (text) of the link.</param>
            <returns>The created <see cref="T:Skybrud.Umbraco.Redirects.Models.RedirectDestination"/> instance.</returns>
        </member>
        <member name="T:Skybrud.Umbraco.Redirects.Models.RedirectDestinationType">
            <summary>
            Enum describing the type of the link.
            </summary>
        </member>
        <member name="F:Skybrud.Umbraco.Redirects.Models.RedirectDestinationType.Url">
            <summary>
            Describes a link that is an external URL.
            </summary>
        </member>
        <member name="F:Skybrud.Umbraco.Redirects.Models.RedirectDestinationType.Content">
            <summary>
            Describes a link that is a reference to an internal content node in Umbraco.
            </summary>
        </member>
        <member name="F:Skybrud.Umbraco.Redirects.Models.RedirectDestinationType.Media">
            <summary>
            Describes a link that is a reference to an internal media node in Umbraco.
            </summary>
        </member>
        <member name="T:Skybrud.Umbraco.Redirects.Models.RedirectDomain">
            <summary>
            Class representing a domain.
            </summary>
        </member>
        <member name="P:Skybrud.Umbraco.Redirects.Models.RedirectDomain.Domain">
            <summary>
            Gets a reference to the underlying <see cref="T:Umbraco.Core.Models.IDomain"/>.
            </summary>
        </member>
        <member name="P:Skybrud.Umbraco.Redirects.Models.RedirectDomain.Id">
            <summary>
            Gets the ID of the domain.
            </summary>
        </member>
        <member name="P:Skybrud.Umbraco.Redirects.Models.RedirectDomain.Name">
            <summary>
            Gets the name of the domain.
            </summary>
        </member>
        <member name="P:Skybrud.Umbraco.Redirects.Models.RedirectDomain.RootNodeId">
            <summary>
            Gets the root node ID of the domain.
            </summary>
        </member>
        <member name="M:Skybrud.Umbraco.Redirects.Models.RedirectDomain.GetFromDomain(Umbraco.Core.Models.IDomain)">
            <summary>
            Initializes a new instance from the specified Umbraco <paramref name="domain"/>.
            </summary>
            <param name="domain">The Umbraco domain.</param>
            <returns>An instance of <see cref="T:Skybrud.Umbraco.Redirects.Models.RedirectDomain"/>.</returns>
        </member>
        <member name="T:Skybrud.Umbraco.Redirects.Models.RedirectItem">
            <summary>
            Class representing a redirect.
            </summary>
        </member>
        <member name="P:Skybrud.Umbraco.Redirects.Models.RedirectItem.Dto">
            <summary>
            Gets a reference to the internal <see cref="T:Skybrud.Umbraco.Redirects.Models.Database.RedirectItemDto"/> class used for representing the data as they
            are stored in the database.
            </summary>
        </member>
        <member name="P:Skybrud.Umbraco.Redirects.Models.RedirectItem.Id">
            <summary>
            Gets the ID of the redirect.
            </summary>
        </member>
        <member name="P:Skybrud.Umbraco.Redirects.Models.RedirectItem.Key">
            <summary>
            Gets the unique ID of the redirect.
            </summary>
        </member>
        <member name="P:Skybrud.Umbraco.Redirects.Models.RedirectItem.RootId">
            <summary>
            Gets or sets the root node ID of the redirect.
            </summary>
        </member>
        <member name="P:Skybrud.Umbraco.Redirects.Models.RedirectItem.RootKey">
            <summary>
            Gets or sets the root node ID of the redirect.
            </summary>
        </member>
        <member name="P:Skybrud.Umbraco.Redirects.Models.RedirectItem.RootNodeName">
            <summary>
            Gets the name of the root node, or <c>null</c> if a global redirect.
            </summary>
        </member>
        <member name="P:Skybrud.Umbraco.Redirects.Models.RedirectItem.RootNodeIcon">
            <summary>
            Gets the icon of the root node, or <c>null</c> if a global redirect.
            </summary>
        </member>
        <member name="P:Skybrud.Umbraco.Redirects.Models.RedirectItem.RootNodeDomains">
            <summary>
            Gets the domains of the root node.
            </summary>
        </member>
        <member name="P:Skybrud.Umbraco.Redirects.Models.RedirectItem.Url">
            <summary>
            Gets or sets the inbound URL (path) of the redirect. The value value will not contain the domain or the query
            string.
            </summary>
        </member>
        <member name="P:Skybrud.Umbraco.Redirects.Models.RedirectItem.Urls">
            <summary>
            Gets an array of inbound URLs of the redirect. If a root node has been selected for this redirect, the
            array will contain a full URL for each domain associated with the root node. The returned URLs will also
            contain the query string (if specified).
            </summary>
        </member>
        <member name="P:Skybrud.Umbraco.Redirects.Models.RedirectItem.QueryString">
            <summary>
            Gets or sets the inbound query string of the redirect.
            </summary>
        </member>
        <member name="P:Skybrud.Umbraco.Redirects.Models.RedirectItem.LinkMode">
            <summary>
            Gets or sets the mode/type of the destination link.
            </summary>
        </member>
        <member name="P:Skybrud.Umbraco.Redirects.Models.RedirectItem.LinkId">
            <summary>
            Gets or sets the content or media ID of the destination link.
            </summary>
        </member>
        <member name="P:Skybrud.Umbraco.Redirects.Models.RedirectItem.LinkKey">
            <summary>
            Gets or sets the content or media ID of the destination link.
            </summary>
        </member>
        <member name="P:Skybrud.Umbraco.Redirects.Models.RedirectItem.LinkUrl">
            <summary>
            Gets or sets the URL of the destination link.
            </summary>
        </member>
        <member name="P:Skybrud.Umbraco.Redirects.Models.RedirectItem.Link">
            <summary>
            Gets or sets an instance of <see cref="T:Skybrud.Umbraco.Redirects.Models.RedirectDestination"/> representing the destination link.
            </summary>
        </member>
        <member name="P:Skybrud.Umbraco.Redirects.Models.RedirectItem.Created">
            <summary>
            Gets or sets the timestamp for when the redirect was created.
            </summary>
        </member>
        <member name="P:Skybrud.Umbraco.Redirects.Models.RedirectItem.Updated">
            <summary>
            Gets or sets the timestamp for when the redirect was last updated.
            </summary>
        </member>
        <member name="P:Skybrud.Umbraco.Redirects.Models.RedirectItem.IsPermanent">
            <summary>
            Gets or sets whether the redirect is permanent.
            </summary>
        </member>
        <member name="P:Skybrud.Umbraco.Redirects.Models.RedirectItem.IsRegex">
            <summary>
            Gets or sets whether <see cref="P:Skybrud.Umbraco.Redirects.Models.RedirectItem.Url"/> is a REGEX pattern.
            </summary>
        </member>
        <member name="P:Skybrud.Umbraco.Redirects.Models.RedirectItem.ForwardQueryString">
            <summary>
            Gets or sets whether the query string should be forwarded.
            </summary>
        </member>
        <member name="M:Skybrud.Umbraco.Redirects.Models.RedirectItem.#ctor">
            <summary>
            Initializes an empty redirect.
            </summary>
        </member>
        <member name="T:Skybrud.Umbraco.Redirects.Models.RedirectRootNode">
            <summary>
            Class representing a root node.
            </summary>
        </member>
        <member name="P:Skybrud.Umbraco.Redirects.Models.RedirectRootNode.Id">
            <summary>
            Gets the ID of the root node.
            </summary>
        </member>
        <member name="P:Skybrud.Umbraco.Redirects.Models.RedirectRootNode.Key">
            <summary>
            Gets the GUID of the root node.
            </summary>
        </member>
        <member name="P:Skybrud.Umbraco.Redirects.Models.RedirectRootNode.Name">
            <summary>
            Gets the name of the root node.
            </summary>
        </member>
        <member name="P:Skybrud.Umbraco.Redirects.Models.RedirectRootNode.Icon">
            <summary>
            Gets the icon of the root node.
            </summary>
        </member>
        <member name="M:Skybrud.Umbraco.Redirects.Models.RedirectRootNode.GetFromContent(Umbraco.Core.Models.IContent)">
            <summary>
            Initiaizes a new instance based on the specified <paramref name="content"/> item.
            </summary>
            <param name="content">The content item representing the root node.</param>
            <returns>An instance of <see cref="T:Skybrud.Umbraco.Redirects.Models.RedirectRootNode"/>.</returns>
        </member>
        <member name="T:Skybrud.Umbraco.Redirects.Models.RedirectsSearchResult">
            <summary>
            Class representing a collection of redirects.
            </summary>
        </member>
        <member name="P:Skybrud.Umbraco.Redirects.Models.RedirectsSearchResult.Pagination">
            <summary>
            Gets pagination information about the collection.
            </summary>
        </member>
        <member name="P:Skybrud.Umbraco.Redirects.Models.RedirectsSearchResult.Items">
            <summary>
            Gets an array representing the items of the collection.
            </summary>
        </member>
        <member name="M:Skybrud.Umbraco.Redirects.Models.RedirectsSearchResult.#ctor(System.Int32,System.Int32,System.Int32,System.Int32,System.Int32,Skybrud.Umbraco.Redirects.Models.RedirectItem[])">
            <summary>
            Initializes a new instance based on the specified parameters.
            </summary>
            <param name="total">The total amount of redirects matched.</param>
            <param name="limit">The maximum amount of redirects to be returned per page.</param>
            <param name="offset">The offset.</param>
            <param name="page">The page returned.</param>
            <param name="pages">The total amount of pages.</param>
            <param name="items">An array of the items making up the page.</param>
        </member>
        <member name="T:Skybrud.Umbraco.Redirects.Models.RedirectsSearchResultPagination">
            <summary>
            Class with pagination information about a collection of redirect items.
            </summary>
        </member>
        <member name="P:Skybrud.Umbraco.Redirects.Models.RedirectsSearchResultPagination.Total">
            <summary>
            Gets the total amount of items across all pages.
            </summary>
        </member>
        <member name="P:Skybrud.Umbraco.Redirects.Models.RedirectsSearchResultPagination.Limit">
            <summary>
            Gets the maximum amount of items per page.
            </summary>
        </member>
        <member name="P:Skybrud.Umbraco.Redirects.Models.RedirectsSearchResultPagination.Offset">
            <summary>
            Gets the offset.
            </summary>
        </member>
        <member name="P:Skybrud.Umbraco.Redirects.Models.RedirectsSearchResultPagination.Page">
            <summary>
            Gets the current page.
            </summary>
        </member>
        <member name="P:Skybrud.Umbraco.Redirects.Models.RedirectsSearchResultPagination.Pages">
            <summary>
            Gets the total amout of pages.
            </summary>
        </member>
        <member name="P:Skybrud.Umbraco.Redirects.Models.RedirectsSearchResultPagination.From">
            <summary>
            Gets the index of the first item on the page.
            </summary>
        </member>
        <member name="P:Skybrud.Umbraco.Redirects.Models.RedirectsSearchResultPagination.To">
            <summary>
            Gets the index of the last item on the page.
            </summary>
        </member>
        <member name="M:Skybrud.Umbraco.Redirects.Models.RedirectsSearchResultPagination.#ctor(System.Int32,System.Int32,System.Int32,System.Int32,System.Int32)">
            <summary>
            Initializes a new instance based on the specified parameters.
            </summary>
            <param name="total">The total amount of redirects matched.</param>
            <param name="limit">The maximum amount of redirects to be returned per page.</param>
            <param name="offset">The offset.</param>
            <param name="page">The page returned.</param>
            <param name="pages">The total amount of pages.</param>
        </member>
        <member name="T:Skybrud.Umbraco.Redirects.Models.RedirectsService">
            <summary>
            Service for managing redirects.
            </summary>
        </member>
        <member name="M:Skybrud.Umbraco.Redirects.Models.RedirectsService.GetDomains">
            <summary>
            Gets an array of all domains (<see cref="T:Skybrud.Umbraco.Redirects.Models.RedirectDomain"/>) registered in Umbraco.
            </summary>
            <returns></returns>
        </member>
        <member name="M:Skybrud.Umbraco.Redirects.Models.RedirectsService.AddRedirect(System.Int32,System.String,Skybrud.Umbraco.Redirects.Models.RedirectDestination)">
            <summary>
            Adds a new permanent redirect matching the specified inbound <paramref name="url"/>. A request to
            <paramref name="url"/> will automatically be redirected to the URL of the specified
            <paramref name="destionation"/> link.
            </summary>
            <param name="rootNodeId">THe ID of the root/side node. Use <c>0</c> for a global redirect.</param>
            <param name="url">The inbound URL to match.</param>
            <param name="destionation">An instance of <see cref="T:Skybrud.Umbraco.Redirects.Models.RedirectDestination"/> representing the destination link.</param>
            <returns>An instance of <see cref="T:Skybrud.Umbraco.Redirects.Models.RedirectItem"/> representing the created redirect.</returns>
        </member>
        <member name="M:Skybrud.Umbraco.Redirects.Models.RedirectsService.AddRedirect(System.Int32,System.String,Skybrud.Umbraco.Redirects.Models.RedirectDestination,System.Boolean,System.Boolean,System.Boolean)">
            <summary>
            Adds a new redirect matching the specified inbound <paramref name="url"/>. A request to
            <paramref name="url"/> will automatically be redirected to the URL of the specified
            <paramref name="destionation"/> link.
            </summary>
            <param name="rootNodeId">THe ID of the root/side node. Use <c>0</c> for a global redirect.</param>
            <param name="url">The inbound URL to match.</param>
            <param name="destionation">An instance of <see cref="T:Skybrud.Umbraco.Redirects.Models.RedirectDestination"/> representing the destination link.</param>
            <param name="permanent">Whether the redirect should be permanent (301) or temporary (302).</param>
            <param name="isRegex">Whether regex should be enabled for the redirect.</param>
            <param name="forwardQueryString">Whether the redirect should forward the original query string.</param>
            <returns>An instance of <see cref="T:Skybrud.Umbraco.Redirects.Models.RedirectItem"/> representing the created redirect.</returns>
        </member>
        <member name="M:Skybrud.Umbraco.Redirects.Models.RedirectsService.SaveRedirect(Skybrud.Umbraco.Redirects.Models.RedirectItem)">
            <summary>
            Saves the specified <paramref name="redirect"/>.
            </summary>
            <param name="redirect">The redirected to be saved.</param>
            <returns>The saved <paramref name="redirect"/>.</returns>
        </member>
        <member name="M:Skybrud.Umbraco.Redirects.Models.RedirectsService.DeleteRedirect(Skybrud.Umbraco.Redirects.Models.RedirectItem)">
            <summary>
            Deletes the specified <paramref name="redirect"/> from the database.
            </summary>
            <param name="redirect">The redirected to be deleted.</param>
        </member>
        <member name="M:Skybrud.Umbraco.Redirects.Models.RedirectsService.GetRedirectById(System.Int32)">
            <summary>
            Gets the redirect mathing the specified numeric <paramref name="redirectId"/>.
            </summary>
            <param name="redirectId">The numeric ID of the redirect.</param>
            <returns>An instance of <see cref="T:Skybrud.Umbraco.Redirects.Models.RedirectItem"/>, or <c>null</c> if not found.</returns>
        </member>
        <member name="M:Skybrud.Umbraco.Redirects.Models.RedirectsService.GetRedirectByKey(System.Guid)">
            <summary>
            Gets the redirect mathing the specified GUID <paramref name="key"/>.
            </summary>
            <param name="key">The GUID key of the redirect.</param>
            <returns>An instance of <see cref="T:Skybrud.Umbraco.Redirects.Models.RedirectItem"/>, or <c>null</c> if not found.</returns>
        </member>
        <member name="M:Skybrud.Umbraco.Redirects.Models.RedirectsService.GetRedirectByUrl(System.Int32,System.String)">
            <summary>
            Gets the redirect mathing the specified <paramref name="url"/>.
            </summary>
            <param name="rootNodeId">THe ID of the root/side node. Use <c>0</c> for a global redirect.</param>
            <param name="url">The URL of the redirect.</param>
            <returns>An instance of <see cref="T:Skybrud.Umbraco.Redirects.Models.RedirectItem"/>, or <c>null</c> if not found.</returns>
        </member>
        <member name="M:Skybrud.Umbraco.Redirects.Models.RedirectsService.GetRedirectByUrl(System.Int32,System.String,System.String)">
            <summary>
            Gets the redirect mathing the specified <paramref name="url"/> and <paramref name="queryString"/>.
            </summary>
            <param name="rootNodeId">THe ID of the root/side node. Use <c>0</c> for a global redirect.</param>
            <param name="url">The URL of the redirect.</param>
            <param name="queryString">The query string of the redirect.</param>
            <returns>An instance of <see cref="T:Skybrud.Umbraco.Redirects.Models.RedirectItem"/>, or <c>null</c> if not found.</returns>
        </member>
        <member name="M:Skybrud.Umbraco.Redirects.Models.RedirectsService.GetRedirectsByUrl(System.String)">
            <summary>
            Gets the redirects mathing the specified <paramref name="url"/>.
            </summary>
            <param name="url">The URL of the redirects.</param>
            <returns>An array of <see cref="T:Skybrud.Umbraco.Redirects.Models.RedirectItem"/>.</returns>
        </member>
        <member name="M:Skybrud.Umbraco.Redirects.Models.RedirectsService.GetRedirectsByUrl(System.String,System.String)">
            <summary>
            Gets the redirects mathing the specified <paramref name="url"/> and <paramref name="queryString"/>.
            </summary>
            <param name="url">The URL of the redirect.</param>
            <param name="queryString">The query string of the redirect.</param>
            <returns>An array of <see cref="T:Skybrud.Umbraco.Redirects.Models.RedirectItem"/>, or <c>null</c> if not found.</returns>
        </member>
        <member name="M:Skybrud.Umbraco.Redirects.Models.RedirectsService.GetRedirectsByContentId(System.Int32)">
            <summary>
            Gets an array of <see cref="T:Skybrud.Umbraco.Redirects.Models.RedirectItem"/> for the content item with the specified <paramref name="contentId"/>.
            </summary>
            <param name="contentId">The numeric ID of the content item.</param>
            <returns>An array of <see cref="T:Skybrud.Umbraco.Redirects.Models.RedirectItem"/>.</returns>
        </member>
        <member name="M:Skybrud.Umbraco.Redirects.Models.RedirectsService.GetRedirectsByMediaId(System.Int32)">
            <summary>
            Gets an array of <see cref="T:Skybrud.Umbraco.Redirects.Models.RedirectItem"/> for the media item with the specified <paramref name="mediaId"/>.
            </summary>
            <param name="mediaId">The numeric ID of the media item.</param>
            <returns>An array of <see cref="T:Skybrud.Umbraco.Redirects.Models.RedirectItem"/>.</returns>
        </member>
        <member name="M:Skybrud.Umbraco.Redirects.Models.RedirectsService.GetRedirects(System.Int32,System.Int32,System.String,System.String,System.Nullable{System.Int32})">
            <summary>
            Gets an instance of <see cref="T:Skybrud.Umbraco.Redirects.Models.RedirectsSearchResult"/> representing a paginated search for redirects.
            </summary>
            <param name="page">The page to be returned (default is <c>1</c>)</param>
            <param name="limit">The maximum amount of redirects to be returned per page (default is <c>20</c>).</param>
            <param name="type">The type of the redirects to be returned. Possible values are <c>url</c>,
                <c>content</c> or <c>media</c>. If not specified, all types of redirects will be returned.
                Default is <c>null</c>.</param>
            <param name="text">A string value that should be present in either the text or URL of the returned
                redirects. Default is <c>null</c>.</param>
            <param name="rootNodeId"></param>
            <returns>An instance of <see cref="T:Skybrud.Umbraco.Redirects.Models.RedirectsSearchResult"/>.</returns>
        </member>
        <member name="M:Skybrud.Umbraco.Redirects.Models.RedirectsService.OnPreLookup(Skybrud.Umbraco.Redirects.Events.RedirectPreLookupEventArgs)">
            <summary>
            Event which gets called before the redirect lookup has happened.
            This allows you to do something after the package has hit the database.
            </summary>
            <param name="e">The event args</param>
        </member>
        <member name="M:Skybrud.Umbraco.Redirects.Models.RedirectsService.OnPostLookup(Skybrud.Umbraco.Redirects.Events.RedirectPostLookupEventArgs)">
            <summary>
            Event which gets called after the redirect lookup has happened.
            This allows you to do something after the package has hit the database.
            </summary>
            <param name="e">The event args</param>
        </member>
        <member name="T:Skybrud.Umbraco.Redirects.Package">
            <summary>
            Static class with various information and constants about the package.
            </summary>
        </member>
        <member name="F:Skybrud.Umbraco.Redirects.Package.Alias">
            <summary>
            Gets the alias of the package.
            </summary>
        </member>
        <member name="F:Skybrud.Umbraco.Redirects.Package.Name">
            <summary>
            Gets the friendly name of the package.
            </summary>
        </member>
        <member name="F:Skybrud.Umbraco.Redirects.Package.Version">
            <summary>
            Gets the version of the package.
            </summary>
        </member>
        <member name="F:Skybrud.Umbraco.Redirects.Package.SemVersion">
            <summary>
            Gets the semantic version of the package.
            </summary>
        </member>
        <member name="T:Skybrud.Umbraco.Redirects.Routing.RedirectsInjectedModule">
            <summary>
            HTTP module for handling inbound redirects.
            </summary>
        </member>
        <member name="M:Skybrud.Umbraco.Redirects.Routing.RedirectsInjectedModule.Init(System.Web.HttpApplication)">
            <summary>
            Initializes the HTTP module.
            </summary>
            <param name="context"></param>
        </member>
        <member name="M:Skybrud.Umbraco.Redirects.Routing.RedirectsInjectedModule.Dispose">
            <summary>
            Disposes the HTTP module.
            </summary>
        </member>
    </members>
</doc>
